"config","N","k","P_nm","H_nm","variant","design_region_um","DTI_um","PD_um","n_wl","wl_min_um","wl_max_um","wavelengths_um","script_used","note"
"9ch_p120_h2000","9","3","120","2000","","0.36","0.04","0.08","9","0.43","0.67","0.430;0.460;0.490;0.520;0.550;0.580;0.610;0.640;0.670","9CH_OE.py",""
"9ch_p160_h2000","9","3","160","2000","","0.48","0.04","0.12","9","0.43","0.67","0.430;0.460;0.490;0.520;0.550;0.580;0.610;0.640;0.670","9CH_OE.py",""
"9ch_p200_h2000","9","3","200","2000","","0.6","0.04","0.16","9","0.43","0.67","0.430;0.460;0.490;0.520;0.550;0.580;0.610;0.640;0.670","9CH_OE.py",""
"9ch_p240_h2000","9","3","240","2000","","0.72","0.04","0.20","9","0.43","0.67","0.430;0.460;0.490;0.520;0.550;0.580;0.610;0.640;0.670","9CH_OE.py",""
"9ch_p280_h2000","9","3","280","2000","","0.84","0.04","0.24","9","0.43","0.67","0.430;0.460;0.490;0.520;0.550;0.580;0.610;0.640;0.670","9CH_OE.py",""
"9ch_p340_h240","9","3","340","240","","1.02","0.04","0.30","9","0.43","0.67","0.430;0.460;0.490;0.520;0.550;0.580;0.610;0.640;0.670","9CH_OE.py",""
"9ch_p340_h500","9","3","340","500","","1.02","0.04","0.30","9","0.43","0.67","0.430;0.460;0.490;0.520;0.550;0.580;0.610;0.640;0.670","9CH_OE.py",""
"9ch_p340_h740","9","3","340","740","","1.02","0.04","0.30","9","0.43","0.67","0.430;0.460;0.490;0.520;0.550;0.580;0.610;0.640;0.670","9CH_OE.py",""
"9ch_p340_h1000","9","3","340","1000","","1.02","0.04","0.30","9","0.43","0.67","0.430;0.460;0.490;0.520;0.550;0.580;0.610;0.640;0.670","9CH_OE.py",""
"9ch_p340_h1500","9","3","340","1500","","1.02","0.04","0.30","9","0.43","0.67","0.430;0.460;0.490;0.520;0.550;0.580;0.610;0.640;0.670","9CH_OE.py",""
"9ch_p340_h2000","9","3","340","2000","","1.02","0.04","0.34","9","0.43","0.67","0.430;0.460;0.490;0.520;0.550;0.580;0.610;0.640;0.670","9CH_OE.py",""
"9ch_p340_h2000_compressed","9","3","340","2000","compressed","1.02","0.04","0.30","9","0.513","0.579","0.513;0.521;0.529;0.538;0.546;0.554;0.563;0.571;0.579","9CH_OE.py",""
"9ch_p340_h2500","9","3","340","2500","","1.02","0.04","0.30","9","0.43","0.67","0.430;0.460;0.490;0.520;0.550;0.580;0.610;0.640;0.670","9CH_OE.py",""
"9ch_p340_h3000","9","3","340","3000","","1.02","0.04","0.30","9","0.43","0.67","0.430;0.460;0.490;0.520;0.550;0.580;0.610;0.640;0.670","9CH_OE.py",""
"9ch_p500_h2000","9","3","500","2000","","1.5","0.10","0.40","9","0.43","0.67","0.430;0.460;0.490;0.520;0.550;0.580;0.610;0.640;0.670","9CH_OE.py",""
"9ch_p500_h2500","9","3","500","2500","","1.5","0.10","0.40","9","0.43","0.67","0.430;0.460;0.490;0.520;0.550;0.580;0.610;0.640;0.670","9CH_OE.py",""
"9ch_p500_h3000","9","3","500","3000","","1.5","0.10","0.40","9","0.43","0.67","0.430;0.460;0.490;0.520;0.550;0.580;0.610;0.640;0.670","9CH_OE.py",""
"9ch_p600_h2000","9","3","600","2000","","1.8","0.12","0.48","9","0.43","0.67","0.430;0.460;0.490;0.520;0.550;0.580;0.610;0.640;0.670","9CH_OE.py",""
"9ch_p600_h2500","9","3","600","2500","","1.8","0.12","0.48","9","0.43","0.67","0.430;0.460;0.490;0.520;0.550;0.580;0.610;0.640;0.670","9CH_OE.py",""
"9ch_p600_h3000","9","3","600","3000","","1.8","0.12","0.48","9","0.43","0.67","0.430;0.460;0.490;0.520;0.550;0.580;0.610;0.640;0.670","9CH_OE.py",""
"16ch_p120_h2000","16","4","120","2000","","0.48","0.04","0.08","16","0.41","0.69","0.410;0.430;0.450;0.470;0.490;0.510;0.525;0.540;0.560;0.575;0.590;0.610;0.630;0.650;0.670;0.690","16CH_OE.py",""
"16ch_p160_h2000","16","4","160","2000","","0.64","0.04","0.12","16","0.41","0.69","0.410;0.430;0.450;0.470;0.490;0.510;0.525;0.540;0.560;0.575;0.590;0.610;0.630;0.650;0.670;0.690","16CH_OE.py",""
"16ch_p200_h2000","16","4","200","2000","","0.8","0.04","0.16","16","0.41","0.69","0.410;0.430;0.450;0.470;0.490;0.510;0.525;0.540;0.560;0.575;0.590;0.610;0.630;0.650;0.670;0.690","16CH_OE.py",""
"16ch_p240_h2000","16","4","240","2000","","0.96","0.04","0.20","16","0.41","0.69","0.410;0.430;0.450;0.470;0.490;0.510;0.525;0.540;0.560;0.575;0.590;0.610;0.630;0.650;0.670;0.690","16CH_OE.py",""
"16ch_p280_h2000","16","4","280","2000","","1.12","0.04","0.24","16","0.41","0.69","0.410;0.430;0.450;0.470;0.490;0.510;0.525;0.540;0.560;0.575;0.590;0.610;0.630;0.650;0.670;0.690","16CH_OE.py",""
"16ch_p340_h240","16","4","340","240","","1.360","0.04","0.30","16","0.41","0.69","0.410;0.430;0.450;0.470;0.490;0.510;0.525;0.540;0.560;0.575;0.590;0.610;0.630;0.650;0.670;0.690","16CH_OE.py",""
"16ch_p340_h500","16","4","340","500","","1.360","0.04","0.30","16","0.41","0.69","0.410;0.430;0.450;0.470;0.490;0.510;0.525;0.540;0.560;0.575;0.590;0.610;0.630;0.650;0.670;0.690","16CH_OE.py",""
"16ch_p340_h740","16","4","340","740","","1.360","0.04","0.30","16","0.41","0.69","0.410;0.430;0.450;0.470;0.490;0.510;0.525;0.540;0.560;0.575;0.590;0.610;0.630;0.650;0.670;0.690","16CH_OE.py",""
"16ch_p340_h1000","16","4","340","1000","","1.360","0.04","0.30","16","0.41","0.69","0.410;0.430;0.450;0.470;0.490;0.510;0.525;0.540;0.560;0.575;0.590;0.610;0.630;0.650;0.670;0.690","16CH_OE.py",""
"16ch_p340_h1500","16","4","340","1500","","1.360","0.04","0.30","16","0.41","0.69","0.410;0.430;0.450;0.470;0.490;0.510;0.525;0.540;0.560;0.575;0.590;0.610;0.630;0.650;0.670;0.690","16CH_OE.py",""
"16ch_p340_h2000","16","4","340","2000","","1.360","0.04","0.30","16","0.41","0.69","0.410;0.430;0.450;0.470;0.490;0.510;0.525;0.540;0.560;0.575;0.590;0.610;0.630;0.650;0.670;0.690","16CH_OE.py",""
"16ch_p340_h2000_compressed","16","4","340","2000","compressed","1.36","0.04","0.30","16","0.48","0.605","0.480;0.488;0.497;0.505;0.513;0.522;0.530;0.538;0.547;0.555;0.563;0.572;0.580;0.588;0.597;0.605","16CH_OE.py",""
"16ch_p340_h2500","16","4","340","2500","","1.360","0.04","0.30","16","0.41","0.69","0.410;0.430;0.450;0.470;0.490;0.510;0.525;0.540;0.560;0.575;0.590;0.610;0.630;0.650;0.670;0.690","16CH_OE.py",""
"16ch_p340_h3000","16","4","340","3000","","1.360","0.04","0.30","16","0.41","0.69","0.410;0.430;0.450;0.470;0.490;0.510;0.525;0.540;0.560;0.575;0.590;0.610;0.630;0.650;0.670;0.690","16CH_OE.py",""
"16ch_p500_h2000","16","4","500","2000","","2.0","0.10","0.40","16","0.41","0.69","0.410;0.430;0.450;0.470;0.490;0.510;0.525;0.540;0.560;0.575;0.590;0.610;0.630;0.650;0.670;0.690","16CH_OE.py",""
"16ch_p500_h2500","16","4","500","2500","","2.0","0.10","0.40","16","0.41","0.69","0.410;0.430;0.450;0.470;0.490;0.510;0.525;0.540;0.560;0.575;0.590;0.610;0.630;0.650;0.670;0.690","16CH_OE.py",""
"16ch_p500_h3000","16","4","500","3000","","2.0","0.10","0.40","16","0.41","0.69","0.410;0.430;0.450;0.470;0.490;0.510;0.525;0.540;0.560;0.575;0.590;0.610;0.630;0.650;0.670;0.690","16CH_OE.py",""
"16ch_p600_h2000","16","4","600","2000","","2.4","0.12","0.48","16","0.41","0.69","0.410;0.430;0.450;0.470;0.490;0.510;0.525;0.540;0.560;0.575;0.590;0.610;0.630;0.650;0.670;0.690","16CH_OE.py",""
"16ch_p600_h2500","16","4","600","2500","","2.4","0.12","0.48","16","0.41","0.69","0.410;0.430;0.450;0.470;0.490;0.510;0.525;0.540;0.560;0.575;0.590;0.610;0.630;0.650;0.670;0.690","16CH_OE.py",""
"16ch_p600_h3000","16","4","600","3000","","2.4","0.12","0.48","16","0.41","0.69","0.410;0.430;0.450;0.470;0.490;0.510;0.525;0.540;0.560;0.575;0.590;0.610;0.630;0.650;0.670;0.690","16CH_OE.py",""
"25ch_p120_h2000","25","5","120","2000","","0.6","0.04","0.08","25","0.406","0.694","0.406;0.418;0.430;0.442;0.454;0.466;0.478;0.490;0.502;0.514;0.526;0.538;0.550;0.562;0.574;0.586;0.598;0.610;0.622;0.634;0.646;0.658;0.670;0.682;0.694","25CH_OE.py",""
"25ch_p160_h2000","25","5","160","2000","","0.8","0.04","0.12","25","0.406","0.694","0.406;0.418;0.430;0.442;0.454;0.466;0.478;0.490;0.502;0.514;0.526;0.538;0.550;0.562;0.574;0.586;0.598;0.610;0.622;0.634;0.646;0.658;0.670;0.682;0.694","25CH_OE.py",""
"25ch_p200_h2000","25","5","200","2000","","1.0","0.04","0.16","25","0.406","0.694","0.406;0.418;0.430;0.442;0.454;0.466;0.478;0.490;0.502;0.514;0.526;0.538;0.550;0.562;0.574;0.586;0.598;0.610;0.622;0.634;0.646;0.658;0.670;0.682;0.694","25CH_OE.py",""
"25ch_p240_h2000","25","5","240","2000","","1.2","0.04","0.20","25","0.406","0.694","0.406;0.418;0.430;0.442;0.454;0.466;0.478;0.490;0.502;0.514;0.526;0.538;0.550;0.562;0.574;0.586;0.598;0.610;0.622;0.634;0.646;0.658;0.670;0.682;0.694","25CH_OE.py",""
"25ch_p280_h2000","25","5","280","2000","","1.4","0.04","0.24","25","0.406","0.694","0.406;0.418;0.430;0.442;0.454;0.466;0.478;0.490;0.502;0.514;0.526;0.538;0.550;0.562;0.574;0.586;0.598;0.610;0.622;0.634;0.646;0.658;0.670;0.682;0.694","25CH_OE.py",""
"25ch_p340_h240","25","5","340","240","","1.7","0.04","0.30","25","0.406","0.694","0.406;0.418;0.430;0.442;0.454;0.466;0.478;0.490;0.502;0.514;0.526;0.538;0.550;0.562;0.574;0.586;0.598;0.610;0.622;0.634;0.646;0.658;0.670;0.682;0.694","25CH_OE.py",""
"25ch_p340_h500","25","5","340","500","","1.7","0.04","0.30","25","0.406","0.694","0.406;0.418;0.430;0.442;0.454;0.466;0.478;0.490;0.502;0.514;0.526;0.538;0.550;0.562;0.574;0.586;0.598;0.610;0.622;0.634;0.646;0.658;0.670;0.682;0.694","25CH_OE.py",""
"25ch_p340_h740","25","5","340","740","","1.7","0.04","0.30","25","0.406","0.694","0.406;0.418;0.430;0.442;0.454;0.466;0.478;0.490;0.502;0.514;0.526;0.538;0.550;0.562;0.574;0.586;0.598;0.610;0.622;0.634;0.646;0.658;0.670;0.682;0.694","25CH_OE.py",""
"25ch_p340_h1000","25","5","340","1000","","1.7","0.04","0.30","25","0.406","0.694","0.406;0.418;0.430;0.442;0.454;0.466;0.478;0.490;0.502;0.514;0.526;0.538;0.550;0.562;0.574;0.586;0.598;0.610;0.622;0.634;0.646;0.658;0.670;0.682;0.694","25CH_OE.py",""
"25ch_p340_h1500","25","5","340","1500","","1.7","0.04","0.30","25","0.406","0.694","0.406;0.418;0.430;0.442;0.454;0.466;0.478;0.490;0.502;0.514;0.526;0.538;0.550;0.562;0.574;0.586;0.598;0.610;0.622;0.634;0.646;0.658;0.670;0.682;0.694","25CH_OE.py",""
"25ch_p340_h2000","25","5","340","2000","","1.7","0.04","0.30","25","0.406","0.694","0.406;0.418;0.430;0.442;0.454;0.466;0.478;0.490;0.502;0.514;0.526;0.538;0.550;0.562;0.574;0.586;0.598;0.610;0.622;0.634;0.646;0.658;0.670;0.682;0.694","25CH_OE.py",""
"25ch_p340_h2000_compressed","25","5","340","2000","compressed","1.7","0.04","0.30","25","0.454","0.654","0.454;0.463;0.471;0.479;0.488;0.496;0.504;0.513;0.521;0.529;0.538;0.546;0.554;0.563;0.571;0.579;0.588;0.596;0.604;0.613;0.621;0.629;0.638;0.646;0.654","25CH_OE.py",""
"25ch_p340_h2500","25","5","340","2500","","1.7","0.04","0.30","25","0.406","0.694","0.406;0.418;0.430;0.442;0.454;0.466;0.478;0.490;0.502;0.514;0.526;0.538;0.550;0.562;0.574;0.586;0.598;0.610;0.622;0.634;0.646;0.658;0.670;0.682;0.694","25CH_OE.py",""
"25ch_p340_h3000","25","5","340","3000","","1.7","0.04","0.30","25","0.406","0.694","0.406;0.418;0.430;0.442;0.454;0.466;0.478;0.490;0.502;0.514;0.526;0.538;0.550;0.562;0.574;0.586;0.598;0.610;0.622;0.634;0.646;0.658;0.670;0.682;0.694","25CH_OE.py",""
"25ch_p500_h2000","25","5","500","2000","","2.5","0.10","0.40","25","0.406","0.694","0.406;0.418;0.430;0.442;0.454;0.466;0.478;0.490;0.502;0.514;0.526;0.538;0.550;0.562;0.574;0.586;0.598;0.610;0.622;0.634;0.646;0.658;0.670;0.682;0.694","25CH_OE.py",""
"25ch_p500_h2500","25","5","500","2500","","2.5","0.10","0.40","25","0.406","0.694","0.406;0.418;0.430;0.442;0.454;0.466;0.478;0.490;0.502;0.514;0.526;0.538;0.550;0.562;0.574;0.586;0.598;0.610;0.622;0.634;0.646;0.658;0.670;0.682;0.694","25CH_OE.py",""
"25ch_p500_h3000","25","5","500","3000","","2.5","0.10","0.40","25","0.406","0.694","0.406;0.418;0.430;0.442;0.454;0.466;0.478;0.490;0.502;0.514;0.526;0.538;0.550;0.562;0.574;0.586;0.598;0.610;0.622;0.634;0.646;0.658;0.670;0.682;0.694","25CH_OE.py",""
"25ch_p600_h2000","25","5","600","2000","","3.0","0.12","0.48","25","0.406","0.694","0.406;0.418;0.430;0.442;0.454;0.466;0.478;0.490;0.502;0.514;0.526;0.538;0.550;0.562;0.574;0.586;0.598;0.610;0.622;0.634;0.646;0.658;0.670;0.682;0.694","25CH_OE.py",""
"25ch_p600_h2500","25","5","600","2500","","3.0","0.12","0.48","25","0.406","0.694","0.406;0.418;0.430;0.442;0.454;0.466;0.478;0.490;0.502;0.514;0.526;0.538;0.550;0.562;0.574;0.586;0.598;0.610;0.622;0.634;0.646;0.658;0.670;0.682;0.694","25CH_OE.py",""
"25ch_p600_h3000","25","5","600","3000","","3.0","0.12","0.48","25","0.406","0.694","0.406;0.418;0.430;0.442;0.454;0.466;0.478;0.490;0.502;0.514;0.526;0.538;0.550;0.562;0.574;0.586;0.598;0.610;0.622;0.634;0.646;0.658;0.670;0.682;0.694","25CH_OE.py",""
"36ch_p120_h2000","36","6","120","2000","","0.72","0.04","0.08","36","0.404","0.696","0.404;0.413;0.421;0.429;0.438;0.446;0.454;0.463;0.471;0.479;0.488;0.496;0.504;0.513;0.521;0.529;0.538;0.546;0.554;0.563;0.571;0.579;0.588;0.596;0.604;0.613;0.621;0.629;0.638;0.646;0.654;0.663;0.671;0.679;0.688;0.696","36CH_OE.py",""
"36ch_p160_h2000","36","6","160","2000","","0.96","0.04","0.12","36","0.404","0.696","0.404;0.413;0.421;0.429;0.438;0.446;0.454;0.463;0.471;0.479;0.488;0.496;0.504;0.513;0.521;0.529;0.538;0.546;0.554;0.563;0.571;0.579;0.588;0.596;0.604;0.613;0.621;0.629;0.638;0.646;0.654;0.663;0.671;0.679;0.688;0.696","36CH_OE.py",""
"36ch_p200_h2000","36","6","200","2000","","1.2","0.04","0.16","36","0.404","0.696","0.404;0.413;0.421;0.429;0.438;0.446;0.454;0.463;0.471;0.479;0.488;0.496;0.504;0.513;0.521;0.529;0.538;0.546;0.554;0.563;0.571;0.579;0.588;0.596;0.604;0.613;0.621;0.629;0.638;0.646;0.654;0.663;0.671;0.679;0.688;0.696","36CH_OE.py",""
"36ch_p240_h2000","36","6","240","2000","","1.44","0.04","0.20","36","0.404","0.696","0.404;0.413;0.421;0.429;0.438;0.446;0.454;0.463;0.471;0.479;0.488;0.496;0.504;0.513;0.521;0.529;0.538;0.546;0.554;0.563;0.571;0.579;0.588;0.596;0.604;0.613;0.621;0.629;0.638;0.646;0.654;0.663;0.671;0.679;0.688;0.696","36CH_OE.py",""
"36ch_p280_h2000","36","6","280","2000","","1.68","0.04","0.24","36","0.404","0.696","0.404;0.413;0.421;0.429;0.438;0.446;0.454;0.463;0.471;0.479;0.488;0.496;0.504;0.513;0.521;0.529;0.538;0.546;0.554;0.563;0.571;0.579;0.588;0.596;0.604;0.613;0.621;0.629;0.638;0.646;0.654;0.663;0.671;0.679;0.688;0.696","36CH_OE.py",""
"36ch_p340_h240","36","6","340","240","","2.04","0.04","0.30","36","0.404","0.696","0.404;0.413;0.421;0.429;0.438;0.446;0.454;0.463;0.471;0.479;0.488;0.496;0.504;0.513;0.521;0.529;0.538;0.546;0.554;0.563;0.571;0.579;0.588;0.596;0.604;0.613;0.621;0.629;0.638;0.646;0.654;0.663;0.671;0.679;0.688;0.696","36CH_OE.py",""
"36ch_p340_h500","36","6","340","500","","2.04","0.04","0.30","36","0.404","0.696","0.404;0.413;0.421;0.429;0.438;0.446;0.454;0.463;0.471;0.479;0.488;0.496;0.504;0.513;0.521;0.529;0.538;0.546;0.554;0.563;0.571;0.579;0.588;0.596;0.604;0.613;0.621;0.629;0.638;0.646;0.654;0.663;0.671;0.679;0.688;0.696","36CH_OE.py",""
"36ch_p340_h740","36","6","340","740","","2.04","0.04","0.30","36","0.404","0.696","0.404;0.413;0.421;0.429;0.438;0.446;0.454;0.463;0.471;0.479;0.488;0.496;0.504;0.513;0.521;0.529;0.538;0.546;0.554;0.563;0.571;0.579;0.588;0.596;0.604;0.613;0.621;0.629;0.638;0.646;0.654;0.663;0.671;0.679;0.688;0.696","36CH_OE.py",""
"36ch_p340_h1000","36","6","340","1000","","2.04","0.04","0.30","36","0.404","0.696","0.404;0.413;0.421;0.429;0.438;0.446;0.454;0.463;0.471;0.479;0.488;0.496;0.504;0.513;0.521;0.529;0.538;0.546;0.554;0.563;0.571;0.579;0.588;0.596;0.604;0.613;0.621;0.629;0.638;0.646;0.654;0.663;0.671;0.679;0.688;0.696","36CH_OE.py",""
"36ch_p340_h1500","36","6","340","1500","","2.04","0.04","0.30","36","0.404","0.696","0.404;0.413;0.421;0.429;0.438;0.446;0.454;0.463;0.471;0.479;0.488;0.496;0.504;0.513;0.521;0.529;0.538;0.546;0.554;0.563;0.571;0.579;0.588;0.596;0.604;0.613;0.621;0.629;0.638;0.646;0.654;0.663;0.671;0.679;0.688;0.696","36CH_OE.py",""
"36ch_p340_h2000","36","6","340","2000","","2.04","0.04","0.30","36","0.404","0.696","0.404;0.413;0.421;0.429;0.438;0.446;0.454;0.463;0.471;0.479;0.488;0.496;0.504;0.513;0.521;0.529;0.538;0.546;0.554;0.563;0.571;0.579;0.588;0.596;0.604;0.613;0.621;0.629;0.638;0.646;0.654;0.663;0.671;0.679;0.688;0.696","36CH_OE.py",""
"36ch_p340_h2000_s19","36","6","340","2000","s19","2.04","0.04","0.30","36","0.404","0.696","0.404;0.413;0.421;0.429;0.438;0.446;0.454;0.463;0.471;0.479;0.488;0.496;0.504;0.513;0.521;0.529;0.538;0.546;0.554;0.563;0.571;0.579;0.588;0.596;0.604;0.613;0.621;0.629;0.638;0.646;0.654;0.663;0.671;0.679;0.688;0.696","36CH_OE.py",""
"36ch_p340_h2500","36","6","340","2500","","2.04","0.04","0.30","36","0.404","0.696","0.404;0.413;0.421;0.429;0.438;0.446;0.454;0.463;0.471;0.479;0.488;0.496;0.504;0.513;0.521;0.529;0.538;0.546;0.554;0.563;0.571;0.579;0.588;0.596;0.604;0.613;0.621;0.629;0.638;0.646;0.654;0.663;0.671;0.679;0.688;0.696","36CH_OE.py",""
"36ch_p340_h3000","36","6","340","3000","","2.04","0.04","0.30","36","0.404","0.696","0.404;0.413;0.421;0.429;0.438;0.446;0.454;0.463;0.471;0.479;0.488;0.496;0.504;0.513;0.521;0.529;0.538;0.546;0.554;0.563;0.571;0.579;0.588;0.596;0.604;0.613;0.621;0.629;0.638;0.646;0.654;0.663;0.671;0.679;0.688;0.696","36CH_OE.py",""
"36ch_p500_h2000","36","6","500","2000","","3.0","0.10","0.40","36","0.404","0.696","0.404;0.413;0.421;0.429;0.438;0.446;0.454;0.463;0.471;0.479;0.488;0.496;0.504;0.513;0.521;0.529;0.538;0.546;0.554;0.563;0.571;0.579;0.588;0.596;0.604;0.613;0.621;0.629;0.638;0.646;0.654;0.663;0.671;0.679;0.688;0.696","36CH_OE.py",""
"36ch_p500_h2500","36","6","500","2500","","3.0","0.10","0.40","36","0.404","0.696","0.404;0.413;0.421;0.429;0.438;0.446;0.454;0.463;0.471;0.479;0.488;0.496;0.504;0.513;0.521;0.529;0.538;0.546;0.554;0.563;0.571;0.579;0.588;0.596;0.604;0.613;0.621;0.629;0.638;0.646;0.654;0.663;0.671;0.679;0.688;0.696","36CH_OE.py",""
"36ch_p500_h3000","36","6","500","3000","","3.0","0.10","0.40","36","0.404","0.696","0.404;0.413;0.421;0.429;0.438;0.446;0.454;0.463;0.471;0.479;0.488;0.496;0.504;0.513;0.521;0.529;0.538;0.546;0.554;0.563;0.571;0.579;0.588;0.596;0.604;0.613;0.621;0.629;0.638;0.646;0.654;0.663;0.671;0.679;0.688;0.696","36CH_OE.py",""
"36ch_p600_h2000","36","6","600","2000","","3.6","0.12","0.48","36","0.404","0.696","0.404;0.413;0.421;0.429;0.438;0.446;0.454;0.463;0.471;0.479;0.488;0.496;0.504;0.513;0.521;0.529;0.538;0.546;0.554;0.563;0.571;0.579;0.588;0.596;0.604;0.613;0.621;0.629;0.638;0.646;0.654;0.663;0.671;0.679;0.688;0.696","36CH_OE.py",""
"36ch_p600_h2000_NIR","36","6","600","2000","NIR","3.6","0.12","0.48","36","0.404","0.996","0.404;0.4209;0.4378;0.4547;0.4717;0.4886;0.5055;0.5224;0.5393;0.5562;0.5731;0.5901;0.607;0.6239;0.6408;0.6577;0.6746;0.6915;0.7085;0.7254;0.7423;0.7592;0.7761;0.793;0.8099;0.8269;0.8438;0.8607;0.8776;0.8945;0.9114;0.9283;0.9453;0.9622;0.9791;0.996","36CH_OE.py","np.linspace(0.404,0.996,36) (SI S9 NIR)"
"36ch_p600_h2500","36","6","600","2500","","3.6","0.12","0.48","36","0.404","0.696","0.404;0.413;0.421;0.429;0.438;0.446;0.454;0.463;0.471;0.479;0.488;0.496;0.504;0.513;0.521;0.529;0.538;0.546;0.554;0.563;0.571;0.579;0.588;0.596;0.604;0.613;0.621;0.629;0.638;0.646;0.654;0.663;0.671;0.679;0.688;0.696","36CH_OE.py",""
"36ch_p600_h3000","36","6","600","3000","","3.6","0.12","0.48","36","0.404","0.696","0.404;0.413;0.421;0.429;0.438;0.446;0.454;0.463;0.471;0.479;0.488;0.496;0.504;0.513;0.521;0.529;0.538;0.546;0.554;0.563;0.571;0.579;0.588;0.596;0.604;0.613;0.621;0.629;0.638;0.646;0.654;0.663;0.671;0.679;0.688;0.696","36CH_OE.py",""
